<metadata xml:lang="de"><Esri><CreaDate>20180821</CreaDate><CreaTime>08535600</CreaTime><ArcGISFormat>1.0</ArcGISFormat><SyncOnce>FALSE</SyncOnce><DataProperties><lineage><Process ToolSource="c:\program files (x86)\arcgis\desktop10.3\ArcToolbox\Toolboxes\Data Management Tools.tbx\Copy" Date="20180809" Time="163043">Copy \\geodb.infra.be.ch\arbeit\Rampe\ARCHINV\ARCHINV.gdb\ARCHINV_FUNDST P:\Z_Systems\GeoDB\Zusatzdaten\norm.sde\NORM.ARCHINV_FUNDST FeatureClass</Process><Process ToolSource="c:\program files (x86)\arcgis\desktop10.3\ArcToolbox\Toolboxes\Data Management Tools.tbx\ChangePrivileges" Date="20180809" Time="163046">ChangePrivileges P:\Z_Systems\GeoDB\Zusatzdaten\NORM.sde\NORM.ARCHINV_FUNDST GDP_VIEWER GRANT #</Process><Process ToolSource="c:\program files (x86)\arcgis\desktop10.3\ArcToolbox\Toolboxes\Data Management Tools.tbx\ChangePrivileges" Date="20180809" Time="163046">ChangePrivileges P:\Z_Systems\GeoDB\Zusatzdaten\NORM.sde\NORM.ARCHINV_FUNDST NORM_VIEWER GRANT #</Process><Process ToolSource="c:\program files (x86)\arcgis\desktop10.3\ArcToolbox\Toolboxes\Data Management Tools.tbx\AddSpatialIndex" Date="20180809" Time="163047">AddSpatialIndex P:\Z_Systems\GeoDB\Zusatzdaten\NORM.sde\NORM.ARCHINV_FUNDST 1816.38325812263 0 0</Process><Process ToolSource="c:\program files (x86)\arcgis\desktop10.3\ArcToolbox\Toolboxes\Data Management Tools.tbx\AlterField" Date="20180809" Time="163051">AlterField P:\Z_Systems\GeoDB\Zusatzdaten\NORM.sde\NORM.ARCHINV_FUNDST AI_ID # tempfieldalias LONG 4 NULLABLE false</Process><Process ToolSource="c:\program files (x86)\arcgis\desktop10.3\ArcToolbox\Toolboxes\Data Management Tools.tbx\AlterField" Date="20180809" Time="163054">AlterField P:\Z_Systems\GeoDB\Zusatzdaten\NORM.sde\NORM.ARCHINV_FUNDST AI_ID # AI_ID LONG 4 NULLABLE false</Process><Process ToolSource="c:\program files (x86)\arcgis\desktop10.3\ArcToolbox\Toolboxes\Data Management Tools.tbx\AlterField" Date="20180809" Time="163056">AlterField P:\Z_Systems\GeoDB\Zusatzdaten\NORM.sde\NORM.ARCHINV_FUNDST BFSNR # tempfieldalias SHORT 2 NULLABLE false</Process><Process ToolSource="c:\program files (x86)\arcgis\desktop10.3\ArcToolbox\Toolboxes\Data Management Tools.tbx\AlterField" Date="20180809" Time="163059">AlterField P:\Z_Systems\GeoDB\Zusatzdaten\NORM.sde\NORM.ARCHINV_FUNDST BFSNR # BFSNR SHORT 2 NULLABLE false</Process><Process ToolSource="c:\program files (x86)\arcgis\desktop10.3\ArcToolbox\Toolboxes\Data Management Tools.tbx\AlterField" Date="20180809" Time="163101">AlterField P:\Z_Systems\GeoDB\Zusatzdaten\NORM.sde\NORM.ARCHINV_FUNDST FUNDARTD # tempfieldalias TEXT 254 NULLABLE false</Process><Process ToolSource="c:\program files (x86)\arcgis\desktop10.3\ArcToolbox\Toolboxes\Data Management Tools.tbx\AlterField" Date="20180809" Time="163104">AlterField P:\Z_Systems\GeoDB\Zusatzdaten\NORM.sde\NORM.ARCHINV_FUNDST FUNDARTD # FUNDARTD TEXT 254 NULLABLE false</Process><Process ToolSource="c:\program files (x86)\arcgis\desktop10.3\ArcToolbox\Toolboxes\Data Management Tools.tbx\AlterField" Date="20180809" Time="163106">AlterField P:\Z_Systems\GeoDB\Zusatzdaten\NORM.sde\NORM.ARCHINV_FUNDST FUNDARTF # tempfieldalias TEXT 254 NULLABLE false</Process><Process ToolSource="c:\program files (x86)\arcgis\desktop10.3\ArcToolbox\Toolboxes\Data Management Tools.tbx\AlterField" Date="20180809" Time="163109">AlterField P:\Z_Systems\GeoDB\Zusatzdaten\NORM.sde\NORM.ARCHINV_FUNDST FUNDARTF # FUNDARTF TEXT 254 NULLABLE false</Process><Process ToolSource="c:\program files (x86)\arcgis\desktop10.3\ArcToolbox\Toolboxes\Data Management Tools.tbx\Copy" Date="20180821" Time="085357">Copy P:\iLader\connections\norm.sde\NORM.ARCHINV_FUNDST P:\iLader\connections\vek2.sde\GEODB.ARCHINV_FUNDST FeatureClass</Process><Process ToolSource="c:\program files (x86)\arcgis\desktop10.3\ArcToolbox\Toolboxes\Data Management Tools.tbx\ChangePrivileges" Date="20180821" Time="085400">ChangePrivileges P:\iLader\connections\vek2.sde\GEODB.ARCHINV_FUNDST GEODB_VIEWER GRANT #</Process><Process ToolSource="c:\program files (x86)\arcgis\desktop10.6\ArcToolbox\Toolboxes\Conversion Tools.tbx\FeatureClassToFeatureClass" Date="20191217" Time="153231">FeatureClassToFeatureClass \\geodb.infra.be.ch\freigabe\Anwendungen\usLader\geo@vek2p.sde\GEODB.ARCHINV_FUNDST C:\Daten\usLader\temp_data\temp_fgdb_20191217153207.gdb FUNDST_6540264_E # "AI_ID "AI_ID" true true false 4 Long 0 10 ,First,#,\\geodb.infra.be.ch\freigabe\Anwendungen\usLader\geo@vek2p.sde\GEODB.ARCHINV_FUNDST,AI_ID,-1,-1;BFSNR "BFSNR" true true false 2 Short 0 5 ,First,#,\\geodb.infra.be.ch\freigabe\Anwendungen\usLader\geo@vek2p.sde\GEODB.ARCHINV_FUNDST,BFSNR,-1,-1;FUNDARTD "FUNDARTD" true true false 254 Text 0 0 ,First,#,\\geodb.infra.be.ch\freigabe\Anwendungen\usLader\geo@vek2p.sde\GEODB.ARCHINV_FUNDST,FUNDARTD,-1,-1;FUNDARTF "FUNDARTF" true true false 254 Text 0 0 ,First,#,\\geodb.infra.be.ch\freigabe\Anwendungen\usLader\geo@vek2p.sde\GEODB.ARCHINV_FUNDST,FUNDARTF,-1,-1" #</Process><Process ToolSource="c:\program files (x86)\arcgis\desktop10.6\ArcToolbox\Toolboxes\Data Management Tools.tbx\Rename" Date="20191217" Time="153240">Rename C:\Daten\usLader\temp_data\temp_fgdb_20191217153207.gdb\FUNDST_6540264_E C:\Daten\usLader\temp_data\temp_fgdb_20191217153207.gdb\FUNDST_6540264_E_T FeatureClass</Process><Process ToolSource="c:\program files (x86)\arcgis\desktop10.6\ArcToolbox\Toolboxes\Conversion Tools.tbx\FeatureClassToFeatureClass" Date="20191217" Time="153250">FeatureClassToFeatureClass C:\Daten\usLader\temp_data\temp_fgdb_20191217153207.gdb\FUNDST_6540264_E_T \\geoda.infra.be.ch\arbeit\Export\mpno\ARCHINV\LV95\data ARCHINV_FUNDST.shp # "AI_ID "AI_ID" true true false 4 Long 0 0 ,First,#,C:\Daten\usLader\temp_data\temp_fgdb_20191217153207.gdb\FUNDST_6540264_E_T,AI_ID,-1,-1;BFSNR "BFSNR" true true false 2 Short 0 0 ,First,#,C:\Daten\usLader\temp_data\temp_fgdb_20191217153207.gdb\FUNDST_6540264_E_T,BFSNR,-1,-1;FUNDARTD "FUNDARTD" true true false 254 Text 0 0 ,First,#,C:\Daten\usLader\temp_data\temp_fgdb_20191217153207.gdb\FUNDST_6540264_E_T,FUNDARTD,-1,-1;FUNDARTF "FUNDARTF" true true false 254 Text 0 0 ,First,#,C:\Daten\usLader\temp_data\temp_fgdb_20191217153207.gdb\FUNDST_6540264_E_T,FUNDARTF,-1,-1" #</Process></lineage><itemProps><itemName Sync="TRUE">ARCHINV_FUNDST</itemName><imsContentType Sync="TRUE">002</imsContentType><nativeExtBox><westBL Sync="TRUE">2562533.000000</westBL><eastBL Sync="TRUE">2675551.000000</eastBL><southBL Sync="TRUE">1132978.000000</southBL><northBL Sync="TRUE">1242770.000000</northBL><exTypeCode Sync="TRUE">1</exTypeCode></nativeExtBox><itemLocation><linkage Sync="TRUE">file://\\geoda.infra.be.ch\arbeit\Export\mpno\ARCHINV\LV95\data\ARCHINV_FUNDST.shp</linkage><protocol Sync="TRUE">Local Area Network</protocol></itemLocation><itemSize Sync="TRUE">0.000</itemSize></itemProps><coordRef><type Sync="TRUE">Projected</type><geogcsn Sync="TRUE">GCS_CH1903+</geogcsn><csUnits Sync="TRUE">Linear Unit: Meter (1.000000)</csUnits><projcsn Sync="TRUE">CH1903+_LV95</projcsn><peXml Sync="TRUE">&lt;ProjectedCoordinateSystem xsi:type='typens:ProjectedCoordinateSystem' xmlns:xsi='http://www.w3.org/2001/XMLSchema-instance' xmlns:xs='http://www.w3.org/2001/XMLSchema' xmlns:typens='http://www.esri.com/schemas/ArcGIS/10.6'&gt;&lt;WKT&gt;PROJCS[&amp;quot;CH1903+_LV95&amp;quot;,GEOGCS[&amp;quot;GCS_CH1903+&amp;quot;,DATUM[&amp;quot;D_CH1903+&amp;quot;,SPHEROID[&amp;quot;Bessel_1841&amp;quot;,6377397.155,299.1528128]],PRIMEM[&amp;quot;Greenwich&amp;quot;,0.0],UNIT[&amp;quot;Degree&amp;quot;,0.0174532925199433]],PROJECTION[&amp;quot;Hotine_Oblique_Mercator_Azimuth_Center&amp;quot;],PARAMETER[&amp;quot;False_Easting&amp;quot;,2600000.0],PARAMETER[&amp;quot;False_Northing&amp;quot;,1200000.0],PARAMETER[&amp;quot;Scale_Factor&amp;quot;,1.0],PARAMETER[&amp;quot;Azimuth&amp;quot;,90.0],PARAMETER[&amp;quot;Longitude_Of_Center&amp;quot;,7.439583333333333],PARAMETER[&amp;quot;Latitude_Of_Center&amp;quot;,46.95240555555556],UNIT[&amp;quot;Meter&amp;quot;,1.0],AUTHORITY[&amp;quot;EPSG&amp;quot;,2056]]&lt;/WKT&gt;&lt;XOrigin&gt;-27386400&lt;/XOrigin&gt;&lt;YOrigin&gt;-32067900&lt;/YOrigin&gt;&lt;XYScale&gt;140996569.55187955&lt;/XYScale&gt;&lt;ZOrigin&gt;-100000&lt;/ZOrigin&gt;&lt;ZScale&gt;10000&lt;/ZScale&gt;&lt;MOrigin&gt;-100000&lt;/MOrigin&gt;&lt;MScale&gt;10000&lt;/MScale&gt;&lt;XYTolerance&gt;0.001&lt;/XYTolerance&gt;&lt;ZTolerance&gt;0.001&lt;/ZTolerance&gt;&lt;MTolerance&gt;0.001&lt;/MTolerance&gt;&lt;HighPrecision&gt;true&lt;/HighPrecision&gt;&lt;WKID&gt;2056&lt;/WKID&gt;&lt;LatestWKID&gt;2056&lt;/LatestWKID&gt;&lt;/ProjectedCoordinateSystem&gt;</peXml></coordRef></DataProperties><SyncDate>20191217</SyncDate><SyncTime>15324900</SyncTime><ModDate>20191217</ModDate><ModTime>15324900</ModTime></Esri><dataIdInfo><envirDesc Sync="TRUE">Microsoft Windows 7 Version 6.1 (Build 7601) Service Pack 1; Esri ArcGIS 10.6.1.9273</envirDesc><dataLang><languageCode value="deu" Sync="TRUE"></languageCode><countryCode value="CHE" Sync="TRUE"></countryCode></dataLang><idCitation><resTitle Sync="TRUE">ARCHINV_FUNDST</resTitle><presForm><PresFormCd value="005" Sync="TRUE"></PresFormCd></presForm></idCitation><spatRpType><SpatRepTypCd value="001" Sync="TRUE"></SpatRepTypCd></spatRpType><dataExt><geoEle><GeoBndBox esriExtentType="search"><exTypeCode Sync="TRUE">1</exTypeCode><westBL Sync="TRUE">6.943790</westBL><eastBL Sync="TRUE">8.439294</eastBL><northBL Sync="TRUE">47.337159</northBL><southBL Sync="TRUE">46.345184</southBL></GeoBndBox></geoEle></dataExt></dataIdInfo><mdLang><languageCode value="deu" Sync="TRUE"></languageCode><countryCode value="CHE" Sync="TRUE"></countryCode></mdLang><distInfo><distFormat><formatName Sync="TRUE">Shapefile</formatName></distFormat><distTranOps><transSize Sync="TRUE">0.000</transSize></distTranOps></distInfo><mdHrLv><ScopeCd value="005" Sync="TRUE"></ScopeCd></mdHrLv><mdHrLvName Sync="TRUE">dataset</mdHrLvName><refSysInfo><RefSystem><refSysID><identCode code="2056" Sync="TRUE"></identCode><idCodeSpace Sync="TRUE">EPSG</idCodeSpace><idVersion Sync="TRUE">8.8(8.1.0)</idVersion></refSysID></RefSystem></refSysInfo><spatRepInfo><VectSpatRep><geometObjs Name="ARCHINV_FUNDST"><geoObjTyp><GeoObjTypCd value="004" Sync="TRUE"></GeoObjTypCd></geoObjTyp><geoObjCnt Sync="TRUE">0</geoObjCnt></geometObjs><topLvl><TopoLevCd value="001" Sync="TRUE"></TopoLevCd></topLvl></VectSpatRep></spatRepInfo><spdoinfo><ptvctinf><esriterm Name="ARCHINV_FUNDST"><efeatyp Sync="TRUE">Simple</efeatyp><efeageom code="1" Sync="TRUE"></efeageom><esritopo Sync="TRUE">FALSE</esritopo><efeacnt Sync="TRUE">0</efeacnt><spindex Sync="TRUE">FALSE</spindex><linrefer Sync="TRUE">FALSE</linrefer></esriterm></ptvctinf></spdoinfo><eainfo><detailed Name="ARCHINV_FUNDST"><enttyp><enttypl Sync="TRUE">ARCHINV_FUNDST</enttypl><enttypt Sync="TRUE">Feature Class</enttypt><enttypc Sync="TRUE">0</enttypc></enttyp><attr><attrlabl Sync="TRUE">FID</attrlabl><attalias Sync="TRUE">FID</attalias><attrtype Sync="TRUE">OID</attrtype><attwidth Sync="TRUE">4</attwidth><atprecis Sync="TRUE">0</atprecis><attscale Sync="TRUE">0</attscale><attrdef Sync="TRUE">Internal feature number.</attrdef><attrdefs Sync="TRUE">Esri</attrdefs><attrdomv><udom Sync="TRUE">Sequential unique whole numbers that are automatically generated.</udom></attrdomv></attr><attr><attrlabl Sync="TRUE">AI_ID</attrlabl><attalias Sync="TRUE">AI_ID</attalias><attrtype Sync="TRUE">Integer</attrtype><attwidth Sync="TRUE">10</attwidth><atprecis Sync="TRUE">10</atprecis><attscale Sync="TRUE">0</attscale></attr><attr><attrlabl Sync="TRUE">BFSNR</attrlabl><attalias Sync="TRUE">BFSNR</attalias><attrtype Sync="TRUE">Integer</attrtype><attwidth Sync="TRUE">5</attwidth><atprecis Sync="TRUE">5</atprecis><attscale Sync="TRUE">0</attscale></attr><attr><attrlabl Sync="TRUE">FUNDARTD</attrlabl><attalias Sync="TRUE">FUNDARTD</attalias><attrtype Sync="TRUE">String</attrtype><attwidth Sync="TRUE">254</attwidth><atprecis Sync="TRUE">0</atprecis><attscale Sync="TRUE">0</attscale></attr><attr><attrlabl Sync="TRUE">FUNDARTF</attrlabl><attalias Sync="TRUE">FUNDARTF</attalias><attrtype Sync="TRUE">String</attrtype><attwidth Sync="TRUE">254</attwidth><atprecis Sync="TRUE">0</atprecis><attscale Sync="TRUE">0</attscale></attr><attr><attrlabl Sync="TRUE">SHAPE</attrlabl><attalias Sync="TRUE">Shape</attalias><attrtype Sync="TRUE">Geometry</attrtype><attwidth Sync="TRUE">0</attwidth><atprecis Sync="TRUE">0</atprecis><attscale Sync="TRUE">0</attscale><attrdef Sync="TRUE">Feature geometry.</attrdef><attrdefs Sync="TRUE">Esri</attrdefs><attrdomv><udom Sync="TRUE">Coordinates defining the features.</udom></attrdomv></attr></detailed></eainfo><mdDateSt Sync="TRUE">20191217</mdDateSt></metadata>
